CONTRACTOR COMPARISON & BID TRACKER — BID COMPARISON,,,,,,,,,,,,,,,
"Tab 2 of 7 | Enter one contractor per row | Up to 10 contractors supported",,,,,,,,,,,,,,,
,,,,,,,,,,,,,,,
CONTRACTOR BIDS,,,,,,,,,,,,,,
#,Company Name,Contact Name,Phone,Email,License #,Materials Cost ($),Labor Cost ($),Total Bid ($),Bid Expiry Date,Timeline (weeks),Payment Terms,Warranty (months),Special Conditions / Notes,Expiry Status,Materials Flag
1,,,,,,,,,,,,,,,
2,,,,,,,,,,,,,,,
3,,,,,,,,,,,,,,,
4,,,,,,,,,,,,,,,
5,,,,,,,,,,,,,,,
6,,,,,,,,,,,,,,,
7,,,,,,,,,,,,,,,
8,,,,,,,,,,,,,,,
9,,,,,,,,,,,,,,,
10,,,,,,,,,,,,,,,
,,,,,,,,,,,,,,,
COLUMN GUIDE,,,,,,,,,,,,,,,
Column,Description,Example,,,,,,,,,,,
A — #,Contractor number 1–10,1,,,,,,,,,,,
B — Company Name,Legal business name,Apex Home Services LLC,,,,,,,,,,,
C — Contact Name,Primary contact at the company,John Smith,,,,,,,,,,,
D — Phone,Best phone number for this contractor,(555) 867-5309,,,,,,,,,,,
E — Email,Contact email address,john@apexhome.com,,,,,,,,,,,
F — License #,State contractor license number,CGC1234567,,,,,,,,,,,
G — Materials Cost ($),Their quoted materials / supplies cost,8500,,,,,,,,,,,
H — Labor Cost ($),Their quoted labor cost,6200,,,,,,,,,,,
I — Total Bid ($),Auto-calculated: Materials + Labor (see formula),14700,,,,,,,,,,,
J — Bid Expiry Date,Date their quote expires (MM/DD/YYYY),12/31/2025,,,,,,,,,,,
K — Timeline (weeks),Estimated weeks to complete,6,,,,,,,,,,,
L — Payment Terms,How they want to be paid,50% upfront / 50% on completion,,,,,,,,,,,
M — Warranty (months),Length of labor warranty offered,12,,,,,,,,,,,
N — Special Conditions,Anything unusual in their proposal,"Requires exclusive access weekdays",,,,,,,,,,,
O — Expiry Status,Calculated: VALID / EXPIRING SOON / EXPIRED (see formula),VALID,,,,,,,,,,,
P — Materials Flag,Calculated: flags if materials cost is an outlier vs. average (see formula),OK,,,,,,,,,,,
,,,,,,,,,,,,,,,
FORMULA REFERENCE — Copy formulas below and paste into the matching column cells (rows 2–11),,,,,,,,,,,,,,,
"NOTE: Paste each formula into the first data row (row 2), then copy it down through row 11.",,,,,,,,,,,,,,,
,,,,,,,,,,,,,,,
Formula,Description,Paste into column,,,,,,,,,,,
"=G2+H2","Total bid = Materials + Labor","Column I (Total Bid) — paste in I2 then copy to I3:I11",,,,,,,,,,,
"=IF(J2="""","""",IF(J2<TODAY(),""EXPIRED"",IF(J2<TODAY()+30,""EXPIRING SOON"",""VALID"")))","Flags bids expiring within 30 days","Column O (Expiry Status) — paste in O2 then copy to O3:O11",,,,,,,,,,,
"=IF(G2="""","""",IF(COUNTA($G$2:$G$11)<2,"""",IF(ABS(G2-AVERAGE($G$2:$G$11))>AVERAGE($G$2:$G$11)*0.25,""OUTLIER"",""OK"")))","Flags materials cost if >25% above/below the group average","Column P (Materials Flag) — paste in P2 then copy to P3:P11",,,,,,,,,,,
