CONTRACTOR COMPARISON & BID TRACKER — CONTRACTOR SCORING,,,,,,,,,,
"Tab 3 of 7 | Rate each contractor 0–100 in each category | Weighted score calculated automatically",,,,,,,,,
,,,,,,,,,,,
SCORING WEIGHTS: Price 30% + Timeline 20% + Communication 20% + References 20% + Gut Feel 10% = 100%,,,,,,,,,,,
,,,,,,,,,,,
CONTRACTOR SCORES,,,,,,,,,,
#,Company Name,Total Bid ($),[AUTO] Price Score (30%),[MANUAL] Timeline Score (20%),[MANUAL] Communication Score (20%),[MANUAL] References Score (20%),[MANUAL] Gut Feel Score (10%),[AUTO] Weighted Total,[AUTO] Rank
1,,,,,,,,,
2,,,,,,,,,
3,,,,,,,,,
4,,,,,,,,,
5,,,,,,,,,
6,,,,,,,,,
7,,,,,,,,,
8,,,,,,,,,
9,,,,,,,,,
10,,,,,,,,,
,,,,,,,,,,,
SCORING GUIDE — How to score each category (0–100),,,,,,,,,,,
Category,Weight,0–33 (Low),34–66 (Medium),67–100 (High),,,,,,,
Price Score,[AUTO],Highest bid in the group,Mid-range bid,Lowest or near-lowest bid,,,,,,,
Timeline Score,20%,"Longest timeline offered, or vague/no schedule","Reasonable timeline, basic milestones","Detailed schedule, fastest realistic timeline",,,,,,,
Communication Score,20%,"Slow responses, unclear answers, hard to reach","Responsive within 24–48 hours, generally clear","Same-day response, proactive, detailed and clear",,,,,,,
References Score,20%,"No references, weak references, or bad reviews","Mixed reviews, 1–2 good references","3+ strong references, great project outcomes",,,,,,,
Gut Feel Score,10%,"Something felt off — couldn't place it","Neutral, no strong impression","Strong positive feeling, seemed trustworthy",,,,,,,
,,,,,,,,,,,
FORMULA REFERENCE — Copy formulas below and paste into the matching column cells (rows 2–11),,,,,,,,,,,
"NOTE: Enter Total Bid (col C) from your Bid Comparison tab first. Paste D2 then copy to D3:D11, etc.",,,,,,,,,,,
,,,,,,,,,,,
Formula,Description,Paste into column,,,,,,,,
"=IF(C2="""","""",IF(MAX($C$2:$C$11)=MIN($C$2:$C$11),50,ROUND((MAX($C$2:$C$11)-C2)/(MAX($C$2:$C$11)-MIN($C$2:$C$11))*100,0)))","Auto price score: lowest bid = 100, highest bid = 0, others scaled proportionally","Column D (Price Score) — paste in D2 then copy to D3:D11",,,,,,,,
"=IF(D2="""","""",ROUND(D2*0.3+E2*0.2+F2*0.2+G2*0.2+H2*0.1,1))","Weighted total from all five score categories","Column I (Weighted Total) — paste in I2 then copy to I3:I11",,,,,,,,
"=IF(I2="""","""",RANK(I2,$I$2:$I$11,0))","Rank 1 = highest weighted score (recommended hire)","Column J (Rank) — paste in J2 then copy to J3:J11",,,,,,,,
,,,,,,,,,,,
CUSTOMIZING WEIGHTS — if you want to change priorities,,,,,,,,,,,
"To adjust weights, edit the multipliers in the Weighted Total formula.",,,,,,,,,,,
"Example — if price matters most to you (40%) and gut feel least (5%):",,,,,,,,,,,
"=IF(D2="""","""",ROUND(D2*0.40+E2*0.20+F2*0.20+G2*0.15+H2*0.05,1))",,,,,,,,,,,
"Rule: the five multipliers must always add up to 1.00 (= 100%).",,,,,,,,,,,
