HOME RENOVATION BUDGET TRACKER — MATERIALS TRACKER,,,,,,,,,,
"Tab 5 of 6 | Log every material order | Variance highlights overages automatically",,,,,,,,,,
"Review weekly to catch delayed deliveries before they stall your project",,,,,,,,,,
,,,,,,,,,,
Item,Room/Area,Supplier,Budgeted Cost ($),Actual Cost ($),Variance ($),Order Date,Lead Time (Days),Delivery Date,Status,Notes
,,,,,$0.00,,,Pending,,
,,,,,$0.00,,,Pending,,
,,,,,$0.00,,,Pending,,
,,,,,$0.00,,,Pending,,
,,,,,$0.00,,,Pending,,
,,,,,$0.00,,,Pending,,
,,,,,$0.00,,,Pending,,
,,,,,$0.00,,,Pending,,
,,,,,$0.00,,,Pending,,
,,,,,$0.00,,,Pending,,
,,,,,$0.00,,,Pending,,
,,,,,$0.00,,,Pending,,
,,,,,$0.00,,,Pending,,
,,,,,$0.00,,,Pending,,
,,,,,$0.00,,,Pending,,
,,,,,$0.00,,,Pending,,
,,,,,$0.00,,,Pending,,
,,,,,$0.00,,,Pending,,
,,,,,$0.00,,,Pending,,
,,,,,$0.00,,,Pending,,
TOTALS,,,$0.00,$0.00,$0.00,,,,,,
,,,,,,,,,,
COLUMN GUIDE,,,,,,,,,,
Column,Description,How to fill it in,,,,,,,,
A — Item,Name of the material or product,"Quartz countertop / HVAC unit / Hardwood flooring",,,,,,,,
B — Room/Area,Which room this material is for,"Match Scope & Budget tab exactly",,,,,,,,
C — Supplier,Where you're buying it,"Home Depot / Local tile shop / Direct from manufacturer",,,,,,,,
D — Budgeted Cost ($),What you planned to spend,From your original contractor bid or your own estimate,,,,,,,,
E — Actual Cost ($),What you actually paid or quoted,Enter when you receive a final invoice or place the order,,,,,,,,
F — Variance ($),Auto-calculated: Actual minus Budgeted,"Negative = savings (good). Positive = overage (flagged).",,,,,,,,
G — Order Date,When you placed or plan to place the order,MM/DD/YYYY,,,,,,,,
H — Lead Time (Days),How many days until delivery is expected,"14 for standard / 60+ for custom or imported items",,,,,,,,
I — Delivery Date,Expected or confirmed delivery date,"G + H auto-gives you a target date; update when confirmed",,,,,,,,
J — Status,Current status of the order,"Pending / Ordered / Delivered",,,,,,,,
K — Notes,Any relevant detail,"Order #, contact at supplier, substitution considered",,,,,,,,
,,,,,,,,,,
STATUS VALUES FOR COLUMN J,,,,,,,,,,
Pending,Not yet ordered — still getting quotes or deciding,,,,,,,,,,
Ordered,Order placed — waiting for delivery,,,,,,,,,,
Delivered,Item received and on-site,,,,,,,,,,
,,,,,,,,,,
MATERIALS BEST PRACTICES,,,,,,,,,,
Practice,Why it matters,,,,,,,,,,
"Order long-lead items first","Custom cabinets can take 8–14 weeks. Tile from overseas can take 10–16 weeks.",,,,,,,,,,
"Add 10–15% overage for tile and flooring","Cuts and breakage are unavoidable. Under-ordering means waiting for a new batch.",,,,,,,,,,
"Log the variance immediately when you get a quote","A $500 countertop overage now is easier to absorb than discovering it at the end.",,,,,,,,,,
"Track delivery dates weekly","A delayed delivery can push your entire project timeline by weeks.",,,,,,,,,,
"Keep supplier contact info in Notes","You'll need it when a delivery is wrong or damaged.",,,,,,,,,,
,,,,,,,,,,
FORMULA REFERENCE,,,,,,,,,,
,,,,,,,,,,
Formula,Description,Paste into column,,,,,,,,
"=IF(D2="""","""",E2-D2)","Variance = Actual Cost − Budgeted Cost","Column F — paste in F2 then copy to F3:F51",,,,,,,,
"=IF(AND(G2<>"""",H2<>""""),G2+H2,"""")","Estimated delivery date = Order Date + Lead Time Days","Column I (optional helper — enter actual delivery when confirmed)",,,,,,,,
"=SUM(D2:D51)","Total budgeted cost","TOTALS row › Column D",,,,,,,,
"=SUM(E2:E51)","Total actual cost","TOTALS row › Column E",,,,,,,,
"=SUM(F2:F51)","Total variance","TOTALS row › Column F",,,,,,,,
"Overage highlight rule (conditional formatting):","Select column F → Format → Conditional formatting → Greater than 0","→ Set fill color to red/coral to flag overages",,,,,,,,
